"id","channel","conversiondays","source","group"
1,"channel1",22,"source3","1"
2,"channel1",0,"source2","3"
3,"channel2",0,"source2","2"
4,"channel2",4,"source2","3"
5,"channel1",0,"source2","6"
6,"channel2",0,"source2","1"
7,"channel1",0,"source2","2"
8,"channel2",0,"source2","1"
9,"channel2",0,"source2","1"
10,"channel1",0,"source2","3"
11,"channel2",0,"source2","2"
12,"channel1",0,"source2","3"
13,"channel2",0,"source2","3"
14,"channel1",0,"source1","2"
15,"channel1",0,"source1","1"
16,"channel1",0,"source1","2"
17,"channel2",0,"source2","1"
18,"channel2",18,"source1","1"
19,"channel1",0,"source1","3"
20,"channel1",0,"source2","1"
21,"channel2",0,"source1","1"
22,"channel1",0,"source2","2"
23,"channel1",0,"source1","4"
24,"channel2",0,"source1","2"
25,"channel1",0,"source2","1"
26,"channel2",0,"source2","1"
27,"channel1",0,"source2","2"
28,"channel2",0,"source1","4"
29,"channel1",0,"source2","2"
30,"channel2",0,"source2","1"
31,"channel2",0,"source2","1"
32,"channel1",0,"source3","1"
33,"channel1",0,"source3","1"
34,"channel2",0,"source2","1"
35,"channel2",0,"source2","1"
36,"channel1",0,"source2","4"
37,"channel1",0,"source2","2"
38,"channel1",0,"source1","3"
39,"channel1",8,"source1","4"
40,"channel2",0,"source2","1"
41,"channel1",0,"source1","2"
42,"channel1",0,"source1","2"
43,"channel1",0,"source2","1"
44,"channel2",0,"source2","2"
45,"channel1",2,"source2","1"
46,"channel1",2,"source2","1"
47,"channel1",0,"source2","2"
48,"channel2",0,"source2","4"
49,"channel1",18,"source2","2"
50,"channel2",0,"source2","3"
51,"channel1",0,"source2","2"
52,"channel2",0,"source2","1"
53,"channel1",0,"source1","1"
54,"channel1",0,"source2","1"
55,"channel2",0,"source2","2"
56,"channel2",0,"source1","2"
57,"channel1",0,"source2","1"
58,"channel2",0,"source2","4"
59,"channel1",2,"source1","3"
60,"channel2",0,"source2","2"
61,"channel2",0,"source2","2"
62,"channel2",0,"source2","1"
63,"channel2",0,"source2","2"
64,"channel1",0,"source2","1"
65,"channel2",0,"source2","1"
66,"channel2",1,"source2","1"
67,"channel1",0,"source2","1"
68,"channel2",0,"source2","1"
69,"channel1",0,"source1","1"
70,"channel2",0,"source2","3"
71,"channel2",0,"source1","2"
72,"channel2",0,"source2","1"
73,"channel2",0,"source2","1"
74,"channel2",0,"source2","3"
75,"channel2",0,"source1","5"
76,"channel1",0,"source1","2"
77,"channel2",0,"source2","1"
78,"channel1",0,"source3","1"
79,"channel1",0,"source2","1"
80,"channel2",0,"source2","1"
81,"channel1",1,"source1","1"
82,"channel2",0,"source2","1"
83,"channel2",0,"source2","1"
84,"channel2",23,"source1","5"
85,"channel2",1,"source2","1"
86,"channel1",0,"source2","1"
87,"channel2",0,"source2","2"
88,"channel1",0,"source1","1"
89,"channel1",31,"source2","1"
90,"channel1",0,"source3","3"
91,"channel2",0,"source2","1"
92,"channel2",0,"source2","2"
93,"channel2",0,"source2","3"
94,"channel1",0,"source3","1"
95,"channel2",0,"source2","1"
96,"channel1",0,"source3","1"
97,"channel1",0,"source2","1"
98,"channel1",0,"source3","1"
99,"channel2",0,"source2","4"
100,"channel1",0,"source2","2"
101,"channel1",0,"source2","1"
102,"channel2",0,"source2","3"
103,"channel1",0,"source1","2"
104,"channel2",0,"source2","1"
105,"channel1",0,"source2","3"
106,"channel2",0,"source2","2"
107,"channel2",0,"source2","1"
108,"channel1",14,"source1","4"
109,"channel2",0,"source2","1"
110,"channel2",0,"source2","2"
111,"channel2",0,"source2","2"
112,"channel2",0,"source2","2"
113,"channel1",9,"source2","2"
114,"channel1",28,"source2","2"
115,"channel2",0,"source2","1"
116,"channel2",0,"source1","3"
117,"channel2",0,"source2","4"
118,"channel1",2,"source1","1"
119,"channel2",0,"source2","3"
120,"channel2",1,"source2","5"
121,"channel1",0,"source2","2"
122,"channel1",0,"source1","4"
123,"channel2",1,"source2","1"
124,"channel2",0,"source2","3"
125,"channel2",0,"source2","1"
126,"channel1",0,"source3","1"
127,"channel1",0,"source2","2"
128,"channel2",0,"source2","3"
129,"channel2",0,"source2","1"
130,"channel1",0,"source2","1"
131,"channel1",0,"source2","1"
132,"channel2",22,"source2","3"
133,"channel1",0,"source1","1"
134,"channel2",0,"source2","1"
135,"channel1",0,"source2","1"
136,"channel1",0,"source2","2"
137,"channel2",0,"source2","3"
138,"channel1",0,"source2","2"
139,"channel2",0,"source1","3"
140,"channel2",0,"source2","1"
141,"channel2",0,"source2","2"
142,"channel2",2,"source3","1"
143,"channel2",0,"source2","1"
144,"channel1",0,"source1","2"
145,"channel1",0,"source1","2"
146,"channel1",3,"source2","4"
147,"channel2",0,"source2","1"
148,"channel2",14,"source2","1"
149,"channel1",1,"source2","6"
150,"channel1",0,"source3","1"
151,"channel2",0,"source2","4"
152,"channel2",0,"source2","2"
153,"channel2",0,"source2","1"
154,"channel2",0,"source2","2"
155,"channel1",0,"source2","1"
156,"channel2",0,"source2","2"
157,"channel2",23,"source2","2"
158,"channel1",0,"source3","1"
159,"channel2",0,"source1","1"
160,"channel2",0,"source2","3"
161,"channel2",0,"source2","3"
162,"channel1",0,"source1","1"
163,"channel1",1,"source2","2"
164,"channel1",0,"source1","3"
165,"channel1",28,"source2","2"
166,"channel2",1,"source2","2"
167,"channel1",0,"source3","1"
168,"channel2",0,"source2","1"
169,"channel1",0,"source2","1"
170,"channel1",0,"source2","1"
171,"channel1",0,"source3","1"
172,"channel1",0,"source2","1"
173,"channel1",0,"source2","1"
174,"channel1",0,"source3","1"
175,"channel1",0,"source1","2"
176,"channel2",1,"source2","5"
177,"channel1",0,"source2","1"
178,"channel2",0,"source2","3"
179,"channel2",0,"source2","3"
180,"channel2",0,"source2","1"
181,"channel2",2,"source2","1"
182,"channel1",0,"source2","2"
183,"channel1",0,"source2","1"
184,"channel1",0,"source2","1"
185,"channel1",22,"source2","1"
186,"channel1",0,"source1","3"
187,"channel1",5,"source2","5"
188,"channel2",0,"source2","2"
189,"channel2",0,"source1","1"
190,"channel1",0,"source2","1"
191,"channel2",0,"source1","2"
192,"channel1",0,"source1","1"
193,"channel2",0,"source1","3"
194,"channel1",5,"source2","3"
195,"channel2",0,"source2","1"
196,"channel1",17,"source2","4"
197,"channel2",0,"source2","3"
198,"channel1",0,"source1","3"
199,"channel2",0,"source2","1"
200,"channel2",0,"source2","3"
201,"channel1",0,"source2","1"
202,"channel2",1,"source2","2"
203,"channel1",0,"source2","3"
204,"channel1",1,"source2","1"
205,"channel1",0,"source2","1"
206,"channel2",0,"source2","2"
207,"channel1",0,"source1","1"
208,"channel1",26,"source1","4"
209,"channel1",0,"source2","2"
210,"channel2",0,"source2","1"
211,"channel2",0,"source2","2"
212,"channel1",0,"source1","3"
213,"channel1",0,"source2","1"
214,"channel2",0,"source2","2"
215,"channel2",0,"source1","1"
216,"channel2",0,"source2","2"
217,"channel2",0,"source2","2"
218,"channel1",42,"source1","2"
219,"channel1",0,"source1","3"
220,"channel1",0,"source1","2"
221,"channel2",15,"source2","4"
222,"channel2",0,"source2","2"
223,"channel1",0,"source2","2"
224,"channel1",0,"source2","3"
225,"channel2",0,"source2","1"
226,"channel1",0,"source2","1"
227,"channel2",0,"source1","2"
228,"channel1",11,"source2","1"
229,"channel2",0,"source2","4"
230,"channel1",0,"source2","1"
231,"channel1",0,"source2","2"
232,"channel1",0,"source1","1"
233,"channel1",0,"source3","1"
234,"channel2",0,"source2","2"
235,"channel2",0,"source3","1"
236,"channel1",0,"source2","2"
237,"channel2",0,"source2","3"
238,"channel2",0,"source1","1"
239,"channel1",19,"source1","2"
240,"channel2",13,"source2","1"
241,"channel1",0,"source1","2"
242,"channel1",1,"source1","1"
243,"channel2",0,"source2","1"
244,"channel2",0,"source2","1"
245,"channel1",0,"source2","1"
246,"channel1",0,"source2","2"
247,"channel2",0,"source2","3"
248,"channel1",6,"source2","2"
249,"channel2",0,"source2","4"
250,"channel1",0,"source1","1"
251,"channel1",0,"source2","1"
252,"channel2",0,"source2","3"
253,"channel1",0,"source2","1"
254,"channel1",32,"source1","2"
255,"channel1",0,"source2","1"
256,"channel1",0,"source2","2"
257,"channel1",0,"source1","1"
258,"channel1",24,"source2","2"
259,"channel2",0,"source2","1"
260,"channel2",1,"source2","4"
261,"channel1",0,"source1","1"
262,"channel2",0,"source2","2"
263,"channel1",1,"source2","1"
264,"channel1",0,"source2","2"
265,"channel2",0,"source2","1"
266,"channel1",0,"source2","1"
267,"channel1",6,"source2","2"
268,"channel1",0,"source1","1"
269,"channel2",0,"source2","1"
270,"channel1",0,"source1","1"
271,"channel1",0,"source2","3"
272,"channel1",0,"source1","2"
273,"channel2",0,"source2","1"
274,"channel1",0,"source2","2"
275,"channel2",0,"source2","1"
276,"channel2",0,"source2","3"
277,"channel1",0,"source2","1"
278,"channel1",0,"source1","2"
279,"channel2",0,"source1","1"
280,"channel2",26,"source2","2"
281,"channel1",0,"source2","1"
282,"channel2",0,"source2","2"
283,"channel1",0,"source3","2"
284,"channel1",0,"source1","1"
285,"channel1",0,"source2","2"
286,"channel1",0,"source2","2"
287,"channel1",0,"source3","1"
288,"channel1",0,"source2","2"
289,"channel1",61,"source1","1"
290,"channel2",0,"source2","1"
291,"channel2",0,"source2","2"
292,"channel1",0,"source2","1"
293,"channel2",0,"source1","1"
294,"channel1",5,"source2","1"
295,"channel2",0,"source2","1"
296,"channel1",0,"source2","2"
297,"channel2",0,"source2","1"
298,"channel2",0,"source2","2"
299,"channel2",0,"source1","1"
300,"channel1",0,"source3","2"
301,"channel1",0,"source1","1"
302,"channel2",0,"source2","1"
303,"channel1",0,"source2","3"
304,"channel1",2,"source2","1"
305,"channel2",0,"source2","2"
306,"channel1",0,"source1","1"
307,"channel1",10,"source2","2"
308,"channel1",0,"source2","3"
309,"channel2",0,"source2","2"
310,"channel2",0,"source1","2"
311,"channel1",0,"source2","2"
312,"channel1",6,"source2","1"
313,"channel2",0,"source1","2"
314,"channel2",0,"source2","1"
315,"channel2",0,"source2","1"
316,"channel2",0,"source2","1"
317,"channel1",0,"source3","3"
318,"channel1",0,"source2","1"
319,"channel2",0,"source2","1"
320,"channel2",0,"source2","1"
321,"channel1",0,"source2","2"
322,"channel2",0,"source2","1"
323,"channel2",0,"source2","1"
324,"channel1",17,"source1","1"
325,"channel2",0,"source2","1"
326,"channel2",0,"source2","3"
327,"channel2",0,"source3","6"
328,"channel2",2,"source2","1"
329,"channel2",0,"source2","3"
330,"channel2",0,"source2","1"
331,"channel2",0,"source1","1"
332,"channel1",0,"source3","2"
333,"channel2",0,"source1","2"
334,"channel1",25,"source1","2"
335,"channel1",0,"source1","2"
336,"channel2",0,"source1","1"
337,"channel1",0,"source2","4"
338,"channel2",0,"source2","3"
339,"channel1",0,"source3","1"
340,"channel2",0,"source2","2"
341,"channel2",0,"source2","2"
342,"channel1",7,"source1","1"
343,"channel1",0,"source2","1"
344,"channel2",0,"source2","3"
345,"channel1",40,"source2","2"
346,"channel2",0,"source2","1"
347,"channel1",0,"source3","2"
348,"channel2",0,"source2","1"
349,"channel1",1,"source2","1"
350,"channel1",0,"source2","1"
351,"channel2",0,"source2","2"
352,"channel1",0,"source1","3"
353,"channel1",0,"source3","3"
354,"channel1",0,"source2","2"
355,"channel1",19,"source3","1"
356,"channel2",0,"source2","1"
357,"channel1",0,"source2","1"
358,"channel2",0,"source2","2"
359,"channel1",0,"source3","1"
360,"channel2",0,"source2","1"
361,"channel2",0,"source2","2"
362,"channel2",0,"source2","1"
363,"channel1",0,"source3","1"
364,"channel1",8,"source2","3"
365,"channel1",11,"source2","2"
366,"channel1",0,"source2","4"
367,"channel2",0,"source1","1"
368,"channel2",0,"source2","2"
369,"channel1",0,"source2","3"
370,"channel1",0,"source1","2"
371,"channel1",0,"source1","1"
372,"channel2",0,"source2","5"
373,"channel1",0,"source2","4"
374,"channel2",0,"source2","5"
375,"channel2",0,"source1","2"
376,"channel1",0,"source1","1"
377,"channel1",0,"source2","1"
378,"channel2",0,"source2","2"
379,"channel1",0,"source2","2"
380,"channel2",0,"source2","2"
381,"channel2",0,"source2","1"
382,"channel2",0,"source2","1"
383,"channel2",0,"source2","1"
384,"channel1",1,"source2","1"
385,"channel2",0,"source2","2"
386,"channel1",0,"source1","1"
387,"channel2",0,"source2","1"
388,"channel2",0,"source2","3"
389,"channel1",1,"source2","1"
390,"channel1",0,"source3","2"
391,"channel1",0,"source1","1"
392,"channel1",0,"source2","2"
393,"channel1",0,"source2","1"
394,"channel2",1,"source2","2"
395,"channel2",0,"source2","5"
396,"channel1",0,"source1","1"
397,"channel2",0,"source2","1"
398,"channel2",0,"source2","1"
399,"channel1",0,"source1","3"
400,"channel2",0,"source2","2"
401,"channel2",0,"source2","1"
402,"channel2",0,"source2","2"
403,"channel2",1,"source2","1"
404,"channel1",0,"source2","3"
405,"channel2",1,"source2","2"
406,"channel2",47,"source2","2"
407,"channel1",0,"source2","2"
408,"channel2",0,"source2","1"
409,"channel1",1,"source1","1"
410,"channel2",0,"source1","4"
411,"channel2",0,"source2","3"
412,"channel1",0,"source2","2"
413,"channel2",0,"source2","3"
414,"channel1",0,"source2","1"
415,"channel1",0,"source2","1"
416,"channel2",1,"source2","1"
417,"channel1",0,"source1","3"
418,"channel2",0,"source2","2"
419,"channel1",0,"source2","4"
420,"channel1",1,"source2","2"
421,"channel2",0,"source2","1"
422,"channel1",0,"source1","3"
423,"channel1",1,"source1","1"
424,"channel2",12,"source2","2"
425,"channel2",0,"source2","1"
426,"channel1",0,"source2","3"
427,"channel2",0,"source2","1"
428,"channel2",11,"source2","1"
429,"channel2",0,"source2","1"
430,"channel2",0,"source2","2"
431,"channel2",4,"source1","3"
432,"channel2",0,"source2","2"
433,"channel2",0,"source2","1"
434,"channel1",0,"source2","1"
435,"channel2",0,"source2","2"
436,"channel1",0,"source2","1"
437,"channel1",0,"source3","2"
438,"channel2",0,"source2","6"
439,"channel1",0,"source2","2"
440,"channel2",0,"source2","1"
441,"channel1",0,"source1","2"
442,"channel1",19,"source1","1"
443,"channel2",3,"source2","6"
444,"channel1",0,"source3","5"
445,"channel1",0,"source2","1"
446,"channel2",2,"source1","1"
447,"channel1",0,"source2","2"
448,"channel2",0,"source2","2"
449,"channel1",0,"source3","1"
450,"channel2",0,"source1","1"
451,"channel1",0,"source2","3"
452,"channel1",0,"source1","1"
453,"channel2",0,"source2","1"
454,"channel2",0,"source1","2"
455,"channel2",0,"source1","1"
456,"channel2",0,"source2","5"
457,"channel2",0,"source2","2"
458,"channel1",0,"source2","1"
459,"channel2",0,"source2","2"
460,"channel1",0,"source1","1"
461,"channel2",0,"source1","3"
462,"channel1",2,"source2","2"
463,"channel1",2,"source2","2"
464,"channel1",0,"source1","3"
465,"channel2",0,"source2","2"
466,"channel1",14,"source1","3"
467,"channel2",0,"source2","1"
468,"channel2",7,"source2","1"
469,"channel2",0,"source1","2"
470,"channel2",1,"source2","3"
471,"channel1",0,"source2","3"
472,"channel1",0,"source2","2"
473,"channel1",0,"source2","2"
474,"channel2",11,"source2","2"
475,"channel2",0,"source2","1"
476,"channel2",0,"source2","2"
477,"channel2",0,"source2","1"
478,"channel1",2,"source2","1"
479,"channel2",0,"source1","2"
480,"channel1",0,"source1","1"
481,"channel2",0,"source2","4"
482,"channel2",0,"source2","1"
483,"channel1",0,"source2","1"
484,"channel2",0,"source2","3"
485,"channel2",0,"source2","3"
486,"channel1",0,"source2","1"
487,"channel2",0,"source1","3"
488,"channel2",0,"source2","1"
489,"channel2",0,"source2","1"
490,"channel2",0,"source2","1"
491,"channel2",0,"source2","1"
492,"channel1",0,"source2","2"
493,"channel2",0,"source2","3"
494,"channel2",0,"source2","1"
495,"channel2",0,"source2","1"
496,"channel1",0,"source2","4"
497,"channel1",0,"source2","3"
498,"channel1",0,"source3","1"
499,"channel1",0,"source2","1"
500,"channel1",0,"source2","1"
501,"channel2",0,"source1","1"
502,"channel2",0,"source2","3"
503,"channel2",0,"source2","2"
504,"channel2",0,"source2","1"
505,"channel2",0,"source2","2"
506,"channel1",0,"source1","2"
507,"channel2",0,"source2","1"
508,"channel2",0,"source2","1"
509,"channel1",0,"source3","3"
510,"channel2",0,"source3","1"
511,"channel1",0,"source1","5"
512,"channel2",0,"source2","2"
513,"channel1",0,"source1","1"
514,"channel1",0,"source3","3"
515,"channel2",0,"source2","1"
516,"channel1",0,"source3","1"
517,"channel1",0,"source2","1"
518,"channel2",0,"source2","3"
519,"channel2",0,"source1","4"
520,"channel2",0,"source2","5"
521,"channel1",0,"source2","2"
522,"channel2",0,"source2","1"
523,"channel1",0,"source2","2"
524,"channel1",0,"source2","1"
525,"channel2",0,"source2","1"
526,"channel1",0,"source1","1"
527,"channel2",1,"source1","1"
528,"channel2",0,"source2","1"
529,"channel1",1,"source2","1"
530,"channel1",0,"source2","2"
531,"channel2",0,"source1","2"
532,"channel1",0,"source2","3"
533,"channel2",1,"source2","1"
534,"channel1",24,"source2","4"
535,"channel1",0,"source1","2"
536,"channel1",0,"source2","1"
537,"channel2",0,"source2","3"
538,"channel2",31,"source2","2"
539,"channel2",0,"source2","2"
540,"channel1",46,"source2","3"
541,"channel1",0,"source1","1"
542,"channel2",0,"source2","1"
543,"channel2",0,"source2","1"
544,"channel2",0,"source2","6"
545,"channel1",7,"source2","1"
546,"channel1",0,"source2","1"
547,"channel1",0,"source2","1"
548,"channel2",0,"source2","1"
549,"channel2",0,"source1","1"
550,"channel2",0,"source2","2"
551,"channel1",0,"source3","3"
552,"channel1",0,"source1","4"
553,"channel1",0,"source2","3"
554,"channel2",0,"source2","2"
555,"channel1",0,"source1","1"
556,"channel2",0,"source2","5"
557,"channel2",7,"source2","2"
558,"channel2",0,"source2","4"
559,"channel1",0,"source1","3"
560,"channel1",0,"source2","3"
561,"channel2",48,"source2","5"
562,"channel2",0,"source2","2"
563,"channel2",0,"source2","3"
564,"channel2",0,"source2","1"
565,"channel1",0,"source2","1"
566,"channel1",0,"source2","3"
567,"channel1",0,"source3","2"
568,"channel1",0,"source3","1"
569,"channel2",55,"source2","2"
570,"channel1",0,"source2","1"
571,"channel1",0,"source2","2"
572,"channel1",27,"source1","2"
573,"channel1",0,"source2","1"
574,"channel1",0,"source2","5"
575,"channel1",0,"source1","2"
576,"channel1",0,"source3","1"
577,"channel2",43,"source2","1"
578,"channel1",0,"source2","1"
579,"channel1",0,"source1","2"
580,"channel1",0,"source2","2"
581,"channel2",0,"source2","1"
582,"channel1",0,"source2","3"
583,"channel1",0,"source1","1"
584,"channel2",0,"source2","2"
585,"channel1",0,"source1","2"
586,"channel1",0,"source2","2"
587,"channel2",0,"source2","2"
588,"channel1",0,"source2","1"
589,"channel1",0,"source2","1"
590,"channel1",0,"source2","2"
591,"channel1",0,"source2","3"
592,"channel2",20,"source2","1"
593,"channel2",1,"source2","3"
594,"channel1",60,"source1","1"
595,"channel1",1,"source2","2"
596,"channel1",1,"source2","1"
597,"channel1",37,"source2","1"
598,"channel2",2,"source2","5"
599,"channel2",0,"source2","4"
600,"channel2",0,"source2","1"
601,"channel2",3,"source1","1"
602,"channel1",0,"source2","2"
603,"channel1",0,"source2","1"
604,"channel2",0,"source1","1"
605,"channel2",0,"source2","1"
606,"channel2",13,"source1","2"
607,"channel2",0,"source1","3"
608,"channel2",0,"source1","1"
609,"channel2",0,"source2","1"
610,"channel1",0,"source2","1"
611,"channel1",0,"source2","2"
612,"channel2",0,"source2","2"
613,"channel2",1,"source1","3"
614,"channel2",0,"source2","1"
615,"channel2",0,"source2","1"
616,"channel2",1,"source2","1"
617,"channel2",38,"source2","1"
618,"channel2",0,"source2","1"
619,"channel1",0,"source1","1"
620,"channel2",0,"source2","1"
621,"channel2",0,"source2","1"
622,"channel2",0,"source3","1"
623,"channel1",0,"source3","1"
624,"channel2",0,"source2","4"
625,"channel1",0,"source1","1"
626,"channel2",0,"source1","1"
627,"channel2",0,"source1","2"
628,"channel1",0,"source2","3"
629,"channel1",2,"source2","1"
630,"channel1",1,"source2","5"
631,"channel2",2,"source2","1"
632,"channel1",0,"source2","1"
633,"channel2",0,"source2","1"
634,"channel1",0,"source2","2"
635,"channel1",2,"source2","1"
636,"channel2",0,"source2","1"
637,"channel2",0,"source2","1"
638,"channel2",0,"source2","1"
639,"channel1",0,"source2","1"
640,"channel1",0,"source3","2"
641,"channel1",10,"source2","1"
642,"channel2",0,"source2","3"
643,"channel1",2,"source3","1"
644,"channel2",0,"source2","3"
645,"channel1",6,"source2","1"
646,"channel2",0,"source2","1"
647,"channel2",0,"source2","2"
648,"channel2",0,"source2","3"
649,"channel2",0,"source2","2"
650,"channel2",0,"source1","2"
651,"channel2",0,"source2","1"
652,"channel1",1,"source2","1"
653,"channel1",0,"source3","1"
654,"channel2",0,"source2","2"
655,"channel2",0,"source2","1"
656,"channel2",5,"source3","1"
657,"channel1",2,"source2","3"
658,"channel1",0,"source1","1"
659,"channel2",0,"source2","2"
660,"channel1",0,"source2","1"
661,"channel2",3,"source2","1"
662,"channel1",0,"source1","2"
663,"channel2",0,"source2","2"
664,"channel1",0,"source2","3"
665,"channel1",2,"source2","1"
666,"channel1",0,"source3","1"
667,"channel2",0,"source2","1"
668,"channel2",0,"source2","1"
669,"channel1",0,"source2","2"
670,"channel2",0,"source2","1"
671,"channel2",1,"source2","1"
672,"channel2",0,"source1","3"
673,"channel2",12,"source2","2"
674,"channel2",0,"source2","1"
675,"channel2",0,"source2","1"
676,"channel1",0,"source1","5"
677,"channel2",0,"source2","1"
678,"channel1",0,"source2","1"
679,"channel2",30,"source1","3"
680,"channel1",10,"source1","1"
681,"channel1",0,"source1","3"
682,"channel2",0,"source2","2"
683,"channel2",0,"source1","1"
684,"channel2",0,"source2","2"
685,"channel1",0,"source2","1"
686,"channel1",0,"source1","1"
687,"channel2",0,"source3","1"
688,"channel1",0,"source2","3"
689,"channel1",0,"source3","2"
690,"channel2",0,"source2","1"
691,"channel2",0,"source2","2"
692,"channel2",0,"source2","1"
693,"channel1",0,"source1","1"
694,"channel1",0,"source1","3"
695,"channel2",1,"source2","2"
696,"channel2",0,"source2","5"
697,"channel1",0,"source1","2"
698,"channel1",0,"source2","4"
699,"channel1",0,"source3","2"
700,"channel2",0,"source2","3"
701,"channel1",23,"source2","2"
702,"channel2",0,"source2","3"
703,"channel1",0,"source2","2"
704,"channel2",0,"source2","2"
705,"channel1",0,"source1","1"
706,"channel1",0,"source2","1"
707,"channel2",0,"source2","1"
708,"channel2",0,"source2","2"
709,"channel1",1,"source1","1"
710,"channel2",0,"source1","1"
711,"channel1",1,"source2","2"
712,"channel2",0,"source2","1"
713,"channel1",0,"source1","2"
714,"channel1",0,"source3","2"
715,"channel2",0,"source2","3"
716,"channel2",0,"source2","3"
717,"channel2",0,"source2","1"
718,"channel2",0,"source2","1"
719,"channel1",0,"source1","3"
720,"channel1",0,"source2","1"
721,"channel2",1,"source2","2"
722,"channel1",0,"source3","1"
723,"channel1",0,"source2","1"
724,"channel1",0,"source3","1"
725,"channel1",0,"source1","1"
726,"channel1",0,"source2","1"
727,"channel1",0,"source3","1"
728,"channel2",0,"source2","1"
729,"channel1",0,"source2","2"
730,"channel1",57,"source2","3"
731,"channel2",0,"source2","2"
732,"channel2",0,"source2","2"
733,"channel2",0,"source2","2"
734,"channel2",0,"source2","4"
735,"channel1",0,"source3","3"
736,"channel1",0,"source1","2"
737,"channel1",0,"source1","2"
738,"channel2",8,"source2","2"
739,"channel1",17,"source3","1"
740,"channel1",0,"source2","1"
741,"channel1",0,"source1","1"
742,"channel1",0,"source2","1"
743,"channel2",0,"source1","2"
744,"channel1",0,"source2","3"
745,"channel2",0,"source2","4"
746,"channel1",6,"source2","1"
747,"channel2",0,"source2","2"
748,"channel2",0,"source2","3"
749,"channel1",0,"source2","2"
750,"channel1",3,"source2","3"
751,"channel2",0,"source2","4"
752,"channel1",0,"source1","3"
753,"channel2",0,"source2","1"
754,"channel1",0,"source2","1"
755,"channel1",1,"source2","2"
756,"channel1",0,"source3","2"
757,"channel1",0,"source1","1"
758,"channel1",0,"source1","1"
759,"channel1",0,"source2","1"
760,"channel2",0,"source2","3"
761,"channel1",0,"source3","3"
762,"channel2",0,"source2","2"
763,"channel1",0,"source2","3"
764,"channel1",0,"source3","3"
765,"channel2",0,"source2","3"
766,"channel1",0,"source1","2"
767,"channel2",0,"source1","3"
768,"channel2",0,"source2","1"
769,"channel2",0,"source2","1"
770,"channel1",2,"source2","1"
771,"channel2",0,"source2","3"
772,"channel1",0,"source2","2"
773,"channel1",0,"source2","2"
774,"channel1",0,"source1","2"
775,"channel1",0,"source3","1"
776,"channel1",5,"source2","3"
777,"channel2",0,"source1","1"
778,"channel2",1,"source2","2"
779,"channel2",0,"source2","1"
780,"channel1",3,"source3","3"
781,"channel2",1,"source2","3"
782,"channel2",0,"source2","2"
783,"channel1",0,"source1","1"
784,"channel1",0,"source3","5"
785,"channel1",6,"source3","2"
786,"channel2",0,"source2","1"
787,"channel2",0,"source2","1"
788,"channel1",22,"source2","3"
789,"channel2",0,"source2","1"
790,"channel1",0,"source2","1"
791,"channel1",3,"source1","1"
792,"channel2",0,"source2","5"
793,"channel1",0,"source1","1"
794,"channel1",0,"source3","2"
795,"channel1",0,"source2","3"
796,"channel2",0,"source1","2"
797,"channel2",0,"source1","1"
798,"channel2",0,"source2","2"
799,"channel1",9,"source1","4"
800,"channel1",0,"source3","2"
801,"channel1",52,"source1","1"
802,"channel1",0,"source2","2"
803,"channel1",1,"source2","1"
804,"channel1",0,"source2","1"
805,"channel2",0,"source2","1"
806,"channel2",0,"source2","3"
807,"channel1",9,"source1","1"
808,"channel1",0,"source2","1"
809,"channel1",0,"source2","1"
810,"channel2",1,"source2","2"
811,"channel1",0,"source2","1"
812,"channel2",0,"source2","1"
813,"channel1",2,"source3","1"
814,"channel1",0,"source2","2"
815,"channel1",0,"source2","3"
816,"channel1",0,"source2","5"
817,"channel1",0,"source2","1"
818,"channel2",0,"source2","3"
819,"channel1",0,"source2","1"
820,"channel2",0,"source2","2"
821,"channel2",0,"source2","1"
822,"channel1",17,"source1","2"
823,"channel1",0,"source1","1"
824,"channel2",9,"source2","2"
825,"channel1",0,"source2","1"
826,"channel1",0,"source1","3"
827,"channel2",0,"source2","5"
828,"channel1",0,"source2","1"
829,"channel2",0,"source2","1"
830,"channel2",0,"source2","1"
831,"channel1",7,"source2","1"
832,"channel2",0,"source2","1"
833,"channel2",29,"source1","5"
834,"channel2",0,"source2","1"
835,"channel1",0,"source2","1"
836,"channel1",69,"source2","1"
837,"channel2",33,"source2","1"
838,"channel2",0,"source2","3"
839,"channel2",0,"source2","2"
840,"channel1",0,"source2","1"
841,"channel1",0,"source3","5"
842,"channel1",0,"source2","2"
843,"channel1",1,"source1","2"
844,"channel1",0,"source2","1"
845,"channel1",0,"source2","1"
846,"channel2",0,"source2","1"
847,"channel1",0,"source3","1"
848,"channel2",0,"source2","1"
849,"channel1",0,"source3","2"
850,"channel2",0,"source2","2"
851,"channel2",0,"source2","2"
852,"channel1",0,"source2","3"
853,"channel2",0,"source1","2"
854,"channel1",0,"source3","2"
855,"channel2",0,"source1","2"
856,"channel1",0,"source3","1"
857,"channel2",0,"source1","3"
858,"channel2",0,"source2","2"
859,"channel2",0,"source2","1"
860,"channel1",0,"source1","1"
861,"channel1",0,"source1","3"
862,"channel2",0,"source1","3"
863,"channel1",0,"source2","1"
864,"channel2",27,"source2","1"
865,"channel2",1,"source2","1"
866,"channel2",0,"source2","3"
867,"channel1",0,"source2","4"
868,"channel1",0,"source2","1"
869,"channel2",0,"source2","2"
870,"channel1",0,"source2","1"
871,"channel1",0,"source2","2"
872,"channel2",0,"source2","1"
873,"channel2",0,"source2","2"
874,"channel2",0,"source2","1"
875,"channel1",0,"source1","1"
876,"channel2",42,"source2","2"
877,"channel1",2,"source3","1"
878,"channel2",0,"source2","2"
879,"channel2",0,"source2","1"
880,"channel1",62,"source1","2"
881,"channel1",0,"source2","5"
882,"channel2",31,"source3","1"
883,"channel2",0,"source2","1"
884,"channel2",0,"source2","1"
885,"channel1",0,"source1","2"
886,"channel2",0,"source1","3"
887,"channel1",0,"source3","3"
888,"channel1",0,"source2","6"
889,"channel1",0,"source2","1"
890,"channel2",0,"source2","1"
891,"channel1",0,"source2","1"
892,"channel1",25,"source2","1"
893,"channel2",0,"source2","3"
894,"channel2",0,"source2","2"
895,"channel2",0,"source2","4"
896,"channel2",0,"source2","2"
897,"channel2",0,"source2","1"
898,"channel1",11,"source2","1"
899,"channel2",2,"source2","4"
900,"channel1",0,"source1","3"
901,"channel1",0,"source1","1"
902,"channel1",0,"source2","2"
903,"channel1",22,"source2","3"
904,"channel2",2,"source2","3"
905,"channel2",0,"source1","1"
906,"channel2",0,"source2","1"
907,"channel2",4,"source1","1"
908,"channel2",0,"source2","1"
909,"channel2",0,"source2","2"
910,"channel1",0,"source1","2"
911,"channel2",0,"source2","3"
912,"channel2",0,"source2","1"
913,"channel2",0,"source2","4"
914,"channel2",0,"source2","3"
915,"channel1",0,"source1","1"
916,"channel1",0,"source2","2"
917,"channel1",0,"source2","2"
918,"channel1",8,"source2","2"
919,"channel1",0,"source2","3"
920,"channel2",0,"source2","3"
921,"channel1",20,"source2","4"
922,"channel2",0,"source2","1"
923,"channel2",0,"source2","1"
924,"channel1",0,"source3","4"
925,"channel1",0,"source2","1"
926,"channel2",20,"source2","6"
927,"channel2",0,"source2","4"
928,"channel1",0,"source2","2"
929,"channel1",0,"source2","4"
930,"channel1",0,"source1","3"
931,"channel1",0,"source2","1"
932,"channel1",0,"source1","1"
933,"channel2",0,"source2","3"
934,"channel2",0,"source2","1"
935,"channel2",0,"source2","1"
936,"channel1",1,"source1","3"
937,"channel1",0,"source2","2"
938,"channel1",0,"source1","3"
939,"channel2",0,"source1","3"
940,"channel2",0,"source1","1"
941,"channel1",0,"source2","1"
942,"channel1",0,"source2","2"
943,"channel1",12,"source1","2"
944,"channel1",21,"source1","1"
945,"channel2",0,"source2","2"
946,"channel1",16,"source2","2"
947,"channel1",0,"source1","1"
948,"channel2",0,"source1","1"
949,"channel1",23,"source2","1"
950,"channel1",0,"source2","1"
951,"channel2",0,"source1","1"
952,"channel2",28,"source2","6"
953,"channel1",6,"source2","1"
954,"channel2",7,"source2","1"
955,"channel1",0,"source2","2"
956,"channel2",0,"source2","2"
957,"channel2",0,"source2","1"
958,"channel2",0,"source2","1"
959,"channel2",0,"source2","2"
960,"channel2",0,"source2","3"
961,"channel2",0,"source1","1"
962,"channel1",25,"source3","1"
963,"channel1",0,"source1","1"
964,"channel1",0,"source1","1"
965,"channel1",13,"source2","1"
966,"channel2",0,"source1","2"
967,"channel2",0,"source1","1"
968,"channel1",0,"source3","6"
969,"channel1",0,"source1","1"
970,"channel2",0,"source2","2"
971,"channel1",0,"source2","1"
972,"channel1",0,"source3","2"
973,"channel2",0,"source2","1"
974,"channel2",0,"source2","2"
975,"channel2",0,"source2","2"
976,"channel1",0,"source2","1"
977,"channel2",0,"source2","2"
978,"channel1",28,"source1","2"
979,"channel2",0,"source2","1"
980,"channel2",0,"source2","4"
981,"channel1",0,"source2","2"
982,"channel2",0,"source1","3"
983,"channel2",0,"source2","2"
984,"channel2",0,"source2","1"
985,"channel2",0,"source2","2"
986,"channel1",1,"source2","3"
987,"channel2",0,"source2","1"
988,"channel2",2,"source2","1"
989,"channel1",1,"source2","2"
990,"channel1",0,"source2","2"
991,"channel2",0,"source1","4"
992,"channel1",0,"source2","1"
993,"channel1",0,"source1","4"
994,"channel2",0,"source2","2"
995,"channel2",0,"source2","2"
996,"channel2",0,"source2","1"
997,"channel1",0,"source2","2"
998,"channel2",0,"source2","3"
999,"channel2",0,"source2","2"
1000,"channel1",0,"source1","1"
1001,"channel1",0,"source2","1"
1002,"channel1",0,"source2","2"
1003,"channel1",16,"source2","1"
1004,"channel2",0,"source2","3"
1005,"channel2",0,"source2","1"
1006,"channel1",0,"source2","1"
1007,"channel2",0,"source2","1"
1008,"channel2",0,"source1","2"
1009,"channel2",12,"source2","1"
1010,"channel2",0,"source1","2"
1011,"channel1",0,"source2","6"
1012,"channel1",0,"source2","1"
1013,"channel1",4,"source2","1"
1014,"channel2",0,"source2","1"
1015,"channel2",0,"source2","2"
1016,"channel2",0,"source2","1"
1017,"channel1",1,"source1","2"
1018,"channel1",0,"source2","5"
1019,"channel1",0,"source2","1"
1020,"channel2",0,"source2","2"
1021,"channel2",0,"source2","1"
1022,"channel1",0,"source2","3"
1023,"channel2",0,"source2","1"
1024,"channel1",0,"source2","1"
1025,"channel2",0,"source1","1"
1026,"channel2",1,"source1","2"
1027,"channel2",0,"source2","1"
1028,"channel2",0,"source2","1"
1029,"channel2",0,"source2","2"
1030,"channel2",0,"source2","1"
1031,"channel2",0,"source2","2"
1032,"channel1",0,"source1","3"
1033,"channel1",8,"source2","2"
1034,"channel1",0,"source1","4"
1035,"channel2",0,"source2","4"
1036,"channel2",0,"source1","2"
1037,"channel1",0,"source2","1"
1038,"channel2",0,"source2","1"
1039,"channel1",12,"source2","1"
1040,"channel2",3,"source2","1"
1041,"channel2",0,"source2","2"
1042,"channel2",0,"source1","2"
1043,"channel2",0,"source2","1"
1044,"channel1",1,"source2","3"
1045,"channel2",0,"source2","5"
1046,"channel1",1,"source2","2"
1047,"channel1",5,"source1","2"
1048,"channel2",0,"source2","2"
1049,"channel1",0,"source2","2"
1050,"channel2",0,"source2","1"
1051,"channel1",0,"source2","1"
1052,"channel1",0,"source2","1"
1053,"channel1",1,"source2","4"
1054,"channel1",0,"source1","1"
1055,"channel2",0,"source2","1"
1056,"channel1",0,"source2","1"
1057,"channel1",0,"source1","1"
1058,"channel1",0,"source1","1"
1059,"channel2",0,"source2","1"
1060,"channel1",0,"source2","1"
1061,"channel2",0,"source2","1"
1062,"channel2",0,"source2","1"
1063,"channel1",0,"source2","1"
1064,"channel1",6,"source2","2"
1065,"channel1",0,"source3","1"
1066,"channel1",0,"source2","2"
1067,"channel1",0,"source3","5"
1068,"channel2",0,"source2","3"
1069,"channel1",7,"source2","3"
1070,"channel1",1,"source2","1"
1071,"channel2",0,"source2","1"
1072,"channel2",0,"source2","1"
1073,"channel1",0,"source2","1"
1074,"channel1",1,"source1","2"
1075,"channel1",0,"source2","2"
1076,"channel2",9,"source1","3"
1077,"channel2",0,"source2","3"
1078,"channel2",0,"source2","2"
1079,"channel2",13,"source2","2"
1080,"channel1",0,"source2","2"
1081,"channel1",0,"source1","1"
1082,"channel2",0,"source1","2"
1083,"channel2",0,"source2","1"
1084,"channel1",0,"source2","3"
1085,"channel2",0,"source2","2"
1086,"channel2",0,"source2","1"
1087,"channel2",0,"source2","2"
1088,"channel2",0,"source2","1"
1089,"channel2",5,"source2","2"
1090,"channel1",0,"source2","1"
1091,"channel1",0,"source2","1"
1092,"channel2",0,"source2","2"
1093,"channel1",0,"source2","3"
1094,"channel2",0,"source2","2"
1095,"channel2",0,"source2","2"
1096,"channel1",0,"source2","1"
1097,"channel1",0,"source2","3"
1098,"channel2",0,"source1","1"
1099,"channel1",3,"source2","3"
1100,"channel1",0,"source2","1"
1101,"channel2",0,"source2","1"
1102,"channel1",0,"source2","1"
1103,"channel1",0,"source2","1"
1104,"channel1",0,"source2","2"
1105,"channel2",0,"source1","6"
1106,"channel1",0,"source3","1"
1107,"channel2",0,"source2","5"
1108,"channel2",0,"source2","1"
1109,"channel1",0,"source2","1"
1110,"channel1",0,"source1","1"
1111,"channel2",4,"source2","1"
1112,"channel1",0,"source2","1"
1113,"channel1",3,"source3","3"
1114,"channel2",2,"source2","1"
1115,"channel1",0,"source2","1"
1116,"channel1",12,"source1","1"
1117,"channel2",0,"source2","3"
1118,"channel2",0,"source2","2"
1119,"channel2",0,"source2","1"
1120,"channel2",6,"source1","2"
1121,"channel2",0,"source2","1"
1122,"channel1",0,"source3","2"
1123,"channel2",0,"source2","1"
1124,"channel2",0,"source2","2"
1125,"channel1",0,"source2","2"
1126,"channel2",0,"source2","2"
1127,"channel2",0,"source2","1"
1128,"channel2",0,"source2","1"
1129,"channel1",0,"source2","1"
1130,"channel1",0,"source2","2"
1131,"channel2",0,"source2","1"
1132,"channel2",1,"source2","2"
1133,"channel2",0,"source2","1"
1134,"channel1",0,"source3","3"
1135,"channel2",0,"source1","1"
1136,"channel1",0,"source1","1"
1137,"channel2",2,"source1","6"
1138,"channel1",24,"source3","1"
1139,"channel1",0,"source1","2"
1140,"channel2",0,"source2","2"
1141,"channel2",0,"source2","1"
1142,"channel1",0,"source2","3"
1143,"channel2",0,"source2","1"
1144,"channel2",0,"source2","1"
1145,"channel2",0,"source2","1"
1146,"channel2",0,"source2","1"
1147,"channel2",0,"source2","3"
1148,"channel1",0,"source2","3"
1149,"channel2",0,"source2","2"
1150,"channel1",0,"source1","1"
1151,"channel1",0,"source1","1"
1152,"channel1",0,"source2","1"
1153,"channel2",0,"source1","1"
1154,"channel2",0,"source2","2"
1155,"channel1",0,"source1","1"
1156,"channel2",0,"source1","1"
1157,"channel2",0,"source1","1"
1158,"channel2",0,"source2","1"
1159,"channel1",5,"source2","1"
1160,"channel2",0,"source2","4"
1161,"channel2",0,"source1","1"
1162,"channel1",18,"source1","3"
1163,"channel1",0,"source3","3"
1164,"channel2",0,"source2","1"
1165,"channel1",0,"source1","1"
1166,"channel1",15,"source2","5"
1167,"channel2",0,"source2","1"
1168,"channel1",0,"source2","1"
1169,"channel1",2,"source2","1"
1170,"channel2",0,"source1","2"
1171,"channel1",0,"source2","1"
1172,"channel1",0,"source1","5"
1173,"channel1",0,"source2","2"
1174,"channel2",1,"source2","1"
1175,"channel2",0,"source2","1"
1176,"channel2",0,"source2","3"
1177,"channel2",0,"source2","1"
1178,"channel2",0,"source2","2"
1179,"channel1",0,"source2","4"
1180,"channel1",0,"source3","4"
1181,"channel1",0,"source2","1"
1182,"channel1",0,"source2","1"
1183,"channel2",0,"source2","2"
1184,"channel1",1,"source2","2"
1185,"channel1",0,"source2","2"
1186,"channel2",0,"source2","1"
1187,"channel2",0,"source2","4"
1188,"channel1",0,"source2","1"
1189,"channel1",0,"source3","2"
1190,"channel2",0,"source2","1"
1191,"channel2",0,"source2","4"
1192,"channel2",0,"source2","1"
1193,"channel2",0,"source2","2"
1194,"channel2",0,"source2","1"
1195,"channel1",0,"source2","3"
1196,"channel2",2,"source2","1"
1197,"channel1",0,"source3","3"
1198,"channel1",29,"source1","6"
1199,"channel2",0,"source2","4"
1200,"channel1",0,"source1","1"
1201,"channel2",0,"source2","1"
1202,"channel2",3,"source2","1"
1203,"channel2",0,"source2","3"
1204,"channel1",0,"source2","2"
1205,"channel2",0,"source2","1"
1206,"channel2",0,"source1","2"
1207,"channel1",52,"source2","3"
1208,"channel1",0,"source2","1"
1209,"channel1",6,"source1","3"
1210,"channel1",0,"source2","3"
1211,"channel1",0,"source2","3"
1212,"channel2",0,"source2","4"
1213,"channel2",0,"source2","1"
1214,"channel2",0,"source3","3"
1215,"channel1",0,"source2","2"
1216,"channel2",0,"source2","1"
1217,"channel1",0,"source2","2"
1218,"channel2",0,"source2","1"
1219,"channel2",0,"source2","1"
1220,"channel2",0,"source2","3"
1221,"channel2",13,"source3","1"
1222,"channel2",1,"source2","2"
1223,"channel1",0,"source1","3"
1224,"channel1",0,"source2","1"
1225,"channel2",0,"source2","3"
1226,"channel2",0,"source2","1"
1227,"channel2",0,"source2","1"
1228,"channel1",0,"source1","1"
1229,"channel1",0,"source3","1"
1230,"channel2",0,"source1","1"
1231,"channel1",1,"source1","1"
1232,"channel1",1,"source1","2"
1233,"channel2",0,"source2","1"
1234,"channel1",0,"source1","2"
1235,"channel2",0,"source2","2"
1236,"channel1",1,"source3","2"
1237,"channel2",0,"source2","5"
1238,"channel2",0,"source1","2"
1239,"channel2",0,"source2","1"
1240,"channel2",0,"source2","1"
1241,"channel1",2,"source2","3"
1242,"channel1",33,"source1","6"
1243,"channel1",0,"source3","4"
1244,"channel2",0,"source2","3"
1245,"channel1",3,"source1","1"
1246,"channel1",0,"source2","1"
1247,"channel1",0,"source2","2"
1248,"channel1",1,"source2","1"
1249,"channel2",0,"source2","1"
1250,"channel2",0,"source1","5"
1251,"channel1",0,"source1","1"
1252,"channel1",0,"source1","1"
1253,"channel2",0,"source1","2"
1254,"channel2",0,"source2","1"
1255,"channel2",0,"source2","1"
1256,"channel2",0,"source2","1"
1257,"channel2",0,"source2","1"
1258,"channel2",0,"source2","2"
1259,"channel1",0,"source2","2"
1260,"channel1",0,"source1","1"
1261,"channel2",0,"source2","1"
1262,"channel1",0,"source1","1"
1263,"channel1",0,"source2","1"
1264,"channel2",0,"source2","5"
1265,"channel2",0,"source2","5"
1266,"channel1",1,"source2","1"
1267,"channel2",0,"source1","4"
1268,"channel1",0,"source1","3"
1269,"channel1",54,"source2","1"
1270,"channel2",13,"source2","1"
1271,"channel1",0,"source2","1"
1272,"channel2",0,"source2","2"
1273,"channel2",1,"source2","1"
1274,"channel1",0,"source2","2"
1275,"channel1",0,"source3","1"
1276,"channel2",0,"source2","1"
1277,"channel2",14,"source2","1"
1278,"channel1",0,"source1","1"
1279,"channel2",0,"source2","1"
1280,"channel1",0,"source2","1"
1281,"channel2",0,"source2","1"
1282,"channel1",0,"source3","1"
1283,"channel2",0,"source2","2"
1284,"channel2",0,"source1","1"
1285,"channel2",0,"source2","2"
1286,"channel1",0,"source2","2"
1287,"channel2",1,"source2","1"
1288,"channel2",0,"source1","1"
1289,"channel1",0,"source2","2"
1290,"channel2",0,"source2","1"
1291,"channel1",0,"source2","1"
1292,"channel1",0,"source2","2"
1293,"channel1",0,"source1","2"
1294,"channel2",3,"source2","2"
1295,"channel1",0,"source2","1"
1296,"channel1",0,"source1","1"
1297,"channel1",0,"source2","1"
1298,"channel2",0,"source2","2"
1299,"channel1",27,"source2","3"
1300,"channel1",8,"source1","1"
1301,"channel1",3,"source3","1"
1302,"channel2",0,"source1","2"
1303,"channel1",0,"source2","5"
1304,"channel1",0,"source1","2"
1305,"channel1",0,"source2","3"
1306,"channel1",0,"source2","3"
1307,"channel1",0,"source2","3"
1308,"channel2",0,"source2","1"
1309,"channel1",0,"source2","4"
1310,"channel2",0,"source2","3"
1311,"channel1",0,"source1","1"
1312,"channel1",2,"source1","1"
1313,"channel1",1,"source2","1"
1314,"channel1",0,"source2","1"
1315,"channel1",8,"source2","2"
1316,"channel2",0,"source2","3"
1317,"channel1",0,"source2","2"
1318,"channel2",0,"source2","3"
1319,"channel2",0,"source2","3"
1320,"channel1",0,"source1","1"
1321,"channel2",0,"source2","3"
1322,"channel1",0,"source1","2"
1323,"channel2",0,"source2","1"
1324,"channel2",0,"source2","1"
1325,"channel2",0,"source2","1"
1326,"channel2",0,"source2","2"
1327,"channel1",0,"source2","3"
1328,"channel2",3,"source2","2"
1329,"channel1",0,"source2","2"
1330,"channel2",0,"source2","1"
1331,"channel1",0,"source1","1"
1332,"channel2",0,"source2","1"
1333,"channel2",0,"source2","1"
1334,"channel1",0,"source2","5"
1335,"channel2",0,"source2","2"
1336,"channel1",0,"source2","2"
1337,"channel1",0,"source2","2"
1338,"channel1",1,"source3","3"
1339,"channel2",0,"source2","1"
1340,"channel1",0,"source2","1"
1341,"channel2",56,"source2","1"
1342,"channel1",2,"source1","1"
1343,"channel2",0,"source2","5"
1344,"channel1",0,"source2","1"
1345,"channel1",2,"source1","2"
1346,"channel2",0,"source2","3"
1347,"channel2",0,"source2","2"
1348,"channel2",0,"source2","3"
1349,"channel2",0,"source2","2"
1350,"channel1",1,"source2","2"
1351,"channel1",25,"source2","2"
1352,"channel1",0,"source2","1"
1353,"channel1",0,"source1","1"
1354,"channel2",0,"source2","1"
1355,"channel2",0,"source2","1"
1356,"channel2",0,"source2","1"
1357,"channel2",0,"source2","1"
1358,"channel1",1,"source2","1"
1359,"channel2",0,"source2","1"
1360,"channel1",29,"source2","1"
1361,"channel2",0,"source2","1"
1362,"channel2",0,"source2","1"
1363,"channel1",0,"source2","1"
1364,"channel2",0,"source2","1"
1365,"channel2",0,"source2","2"
1366,"channel2",1,"source2","1"
1367,"channel2",0,"source2","3"
1368,"channel1",1,"source2","2"
1369,"channel2",0,"source2","1"
1370,"channel2",0,"source2","1"
1371,"channel1",0,"source2","2"
1372,"channel1",0,"source1","1"
1373,"channel1",0,"source2","1"
1374,"channel1",0,"source2","1"
1375,"channel2",0,"source2","5"
1376,"channel1",0,"source2","3"
1377,"channel1",0,"source2","1"
1378,"channel2",0,"source2","3"
1379,"channel2",0,"source2","2"
1380,"channel1",13,"source2","1"
1381,"channel2",0,"source2","2"
1382,"channel1",0,"source1","1"
1383,"channel1",1,"source1","3"
1384,"channel2",0,"source2","3"
1385,"channel1",0,"source2","1"
1386,"channel1",0,"source3","1"
1387,"channel1",0,"source1","1"
1388,"channel2",0,"source2","6"
1389,"channel2",0,"source2","1"
1390,"channel2",0,"source2","2"
1391,"channel2",4,"source2","2"
1392,"channel2",0,"source1","3"
1393,"channel1",0,"source2","1"
1394,"channel2",0,"source1","1"
1395,"channel2",0,"source2","1"
1396,"channel2",0,"source1","5"
1397,"channel2",0,"source2","1"
1398,"channel1",0,"source3","5"
1399,"channel1",1,"source2","2"
1400,"channel2",0,"source2","1"
1401,"channel1",0,"source1","5"
1402,"channel2",0,"source2","1"
1403,"channel1",0,"source2","3"
1404,"channel2",5,"source1","1"
1405,"channel2",0,"source1","5"
1406,"channel2",0,"source3","3"
1407,"channel1",0,"source2","1"
1408,"channel1",8,"source3","1"
1409,"channel2",0,"source2","1"
1410,"channel1",0,"source1","2"
1411,"channel2",0,"source2","1"
1412,"channel1",1,"source1","2"
1413,"channel2",0,"source2","4"
1414,"channel1",0,"source2","1"
1415,"channel1",0,"source2","3"
1416,"channel2",0,"source2","4"
1417,"channel1",0,"source2","2"
1418,"channel1",0,"source2","1"
1419,"channel1",55,"source2","3"
1420,"channel2",0,"source2","3"
1421,"channel1",0,"source2","2"
1422,"channel2",0,"source2","1"
1423,"channel2",0,"source2","3"
1424,"channel2",0,"source2","2"
1425,"channel1",0,"source2","2"
1426,"channel1",0,"source1","1"
1427,"channel2",0,"source2","1"
1428,"channel2",0,"source1","1"
1429,"channel2",0,"source1","2"
1430,"channel2",0,"source2","1"
1431,"channel2",2,"source1","1"
1432,"channel2",0,"source1","5"
1433,"channel1",0,"source1","2"
1434,"channel2",0,"source2","4"
1435,"channel2",0,"source2","4"
1436,"channel1",4,"source1","2"
1437,"channel1",3,"source1","1"
1438,"channel2",0,"source2","2"
1439,"channel2",0,"source2","1"
1440,"channel2",0,"source2","1"
1441,"channel1",2,"source2","1"
1442,"channel2",0,"source1","1"
1443,"channel2",0,"source2","1"
1444,"channel1",0,"source2","3"
1445,"channel1",0,"source1","2"
1446,"channel1",0,"source2","4"
1447,"channel2",0,"source2","1"
1448,"channel1",0,"source3","2"
1449,"channel1",0,"source2","1"
1450,"channel2",0,"source2","1"
1451,"channel2",0,"source2","1"
1452,"channel1",2,"source2","1"
1453,"channel2",32,"source2","1"
1454,"channel1",0,"source1","1"
1455,"channel2",0,"source2","3"
1456,"channel1",1,"source2","1"
1457,"channel2",0,"source2","1"
1458,"channel1",0,"source2","2"
1459,"channel2",0,"source1","6"
1460,"channel2",21,"source2","1"
1461,"channel1",0,"source2","1"
1462,"channel2",0,"source2","1"
1463,"channel1",19,"source1","2"
1464,"channel1",28,"source1","3"
1465,"channel1",0,"source2","3"
1466,"channel2",20,"source2","1"
1467,"channel2",0,"source2","2"
1468,"channel2",0,"source2","2"
1469,"channel1",0,"source2","2"
1470,"channel2",0,"source2","1"
1471,"channel2",0,"source1","1"
1472,"channel1",0,"source2","1"
1473,"channel2",0,"source1","1"
1474,"channel2",0,"source1","3"
1475,"channel2",26,"source2","1"
1476,"channel1",0,"source2","1"
1477,"channel1",0,"source2","1"
1478,"channel1",0,"source1","1"
1479,"channel1",48,"source2","2"
1480,"channel2",0,"source2","2"
1481,"channel1",0,"source2","1"
1482,"channel2",0,"source1","1"
1483,"channel1",0,"source2","3"
1484,"channel2",0,"source1","3"
1485,"channel1",0,"source2","1"
1486,"channel2",0,"source2","2"
1487,"channel1",0,"source2","1"
1488,"channel1",46,"source2","4"
1489,"channel2",0,"source2","1"
1490,"channel2",0,"source2","1"
1491,"channel2",0,"source2","4"
1492,"channel2",0,"source2","2"
1493,"channel1",0,"source2","1"
1494,"channel2",0,"source2","1"
1495,"channel1",6,"source2","1"
1496,"channel1",0,"source1","3"
1497,"channel1",0,"source1","1"
1498,"channel2",0,"source2","4"
1499,"channel2",0,"source1","2"
1500,"channel2",0,"source2","2"
1501,"channel2",0,"source2","2"
1502,"channel2",0,"source2","1"
1503,"channel1",0,"source2","1"
1504,"channel2",0,"source1","2"
1505,"channel1",1,"source1","2"
1506,"channel2",0,"source1","1"
1507,"channel2",0,"source1","1"
1508,"channel1",40,"source2","1"
1509,"channel1",0,"source1","1"
1510,"channel2",0,"source1","1"
1511,"channel1",0,"source2","2"
1512,"channel1",0,"source1","3"
1513,"channel2",0,"source2","3"
1514,"channel2",1,"source2","2"
1515,"channel1",0,"source2","3"
1516,"channel2",8,"source2","1"
1517,"channel2",1,"source2","3"
1518,"channel1",2,"source2","1"
1519,"channel2",0,"source1","2"
1520,"channel1",0,"source2","3"
1521,"channel1",0,"source1","2"
1522,"channel2",9,"source1","3"
1523,"channel1",10,"source1","1"
1524,"channel2",0,"source2","2"
1525,"channel2",0,"source2","2"
1526,"channel2",0,"source2","3"
1527,"channel1",1,"source2","1"
1528,"channel2",0,"source2","1"
1529,"channel2",0,"source2","2"
1530,"channel2",4,"source2","1"
1531,"channel2",0,"source2","1"
1532,"channel2",10,"source2","1"
1533,"channel1",0,"source2","2"
1534,"channel2",0,"source2","1"
1535,"channel2",0,"source2","2"
1536,"channel2",1,"source2","2"
1537,"channel2",0,"source2","1"
1538,"channel2",0,"source2","1"
1539,"channel2",0,"source2","1"
1540,"channel1",0,"source2","1"
1541,"channel1",0,"source2","1"
1542,"channel1",1,"source2","2"
1543,"channel2",0,"source2","1"
1544,"channel2",0,"source2","2"
1545,"channel1",0,"source2","2"
1546,"channel2",0,"source2","1"
1547,"channel1",0,"source3","2"
1548,"channel2",0,"source1","1"
1549,"channel2",0,"source2","1"
1550,"channel2",43,"source3","2"
1551,"channel1",0,"source2","1"
1552,"channel1",0,"source2","1"
1553,"channel1",0,"source3","2"
1554,"channel1",0,"source1","1"
1555,"channel2",1,"source2","1"
1556,"channel1",0,"source1","2"
1557,"channel1",0,"source2","1"
1558,"channel1",5,"source2","6"
1559,"channel1",0,"source3","3"
1560,"channel2",0,"source2","1"
1561,"channel2",0,"source2","1"
1562,"channel2",8,"source3","1"
1563,"channel2",0,"source2","1"
1564,"channel1",0,"source2","1"
1565,"channel2",0,"source2","3"
1566,"channel1",47,"source1","2"
1567,"channel2",0,"source1","3"
1568,"channel1",0,"source2","1"
1569,"channel1",0,"source2","1"
1570,"channel2",0,"source3","2"
1571,"channel2",2,"source2","3"
1572,"channel2",0,"source2","1"
1573,"channel1",0,"source2","1"
1574,"channel1",2,"source2","2"
1575,"channel1",0,"source2","2"
1576,"channel2",0,"source2","2"
1577,"channel2",0,"source2","2"
1578,"channel2",49,"source2","1"
1579,"channel2",0,"source2","2"
1580,"channel2",1,"source2","1"
1581,"channel1",0,"source3","1"
1582,"channel1",1,"source1","1"
1583,"channel2",19,"source2","2"
1584,"channel1",0,"source1","1"
1585,"channel2",0,"source2","1"
1586,"channel2",0,"source2","2"
1587,"channel2",1,"source2","3"
1588,"channel1",0,"source2","3"
1589,"channel2",0,"source1","3"
1590,"channel1",0,"source2","4"
1591,"channel1",0,"source3","1"
1592,"channel2",0,"source2","1"
1593,"channel1",0,"source1","1"
1594,"channel2",0,"source2","1"
1595,"channel2",0,"source2","1"
1596,"channel2",0,"source2","3"
1597,"channel1",0,"source2","1"
1598,"channel1",0,"source2","1"
1599,"channel1",0,"source1","2"
1600,"channel1",0,"source2","1"
1601,"channel1",0,"source1","3"
1602,"channel2",0,"source2","1"
1603,"channel1",0,"source2","2"
1604,"channel2",0,"source2","1"
1605,"channel1",0,"source3","1"
1606,"channel1",12,"source2","1"
1607,"channel1",0,"source2","2"
1608,"channel1",0,"source3","4"
1609,"channel1",0,"source1","2"
1610,"channel2",0,"source1","3"
1611,"channel2",0,"source2","1"
1612,"channel1",0,"source2","2"
1613,"channel2",0,"source2","1"
1614,"channel1",0,"source2","1"
1615,"channel1",0,"source2","3"
1616,"channel2",1,"source2","1"
1617,"channel1",0,"source1","1"
1618,"channel1",0,"source2","2"
1619,"channel2",0,"source1","1"
1620,"channel2",0,"source2","1"
1621,"channel2",0,"source2","2"
1622,"channel2",0,"source2","1"
1623,"channel1",0,"source2","1"
1624,"channel2",0,"source1","2"
1625,"channel1",0,"source2","1"
1626,"channel1",0,"source3","1"
1627,"channel1",0,"source2","1"
1628,"channel1",1,"source3","2"
1629,"channel2",0,"source1","1"
1630,"channel2",0,"source1","5"
1631,"channel1",0,"source3","1"
1632,"channel2",0,"source2","3"
1633,"channel1",0,"source2","1"
1634,"channel2",0,"source2","1"
1635,"channel1",0,"source2","1"
1636,"channel2",0,"source2","1"
1637,"channel2",0,"source2","1"
1638,"channel2",0,"source1","3"
1639,"channel1",0,"source2","6"
1640,"channel2",0,"source2","2"
1641,"channel2",0,"source1","1"
1642,"channel2",0,"source1","3"
1643,"channel1",0,"source2","2"
1644,"channel2",0,"source2","2"
1645,"channel2",0,"source2","1"
1646,"channel2",0,"source2","2"
1647,"channel2",0,"source2","1"
1648,"channel2",11,"source2","1"
1649,"channel2",1,"source1","3"
1650,"channel2",0,"source2","1"
1651,"channel1",9,"source2","4"
1652,"channel1",20,"source2","1"
1653,"channel1",0,"source2","2"
1654,"channel2",6,"source2","1"
1655,"channel2",0,"source2","1"
1656,"channel2",0,"source2","1"
1657,"channel2",0,"source1","2"
1658,"channel1",0,"source1","3"
1659,"channel1",0,"source2","5"
1660,"channel1",0,"source3","2"
1661,"channel2",0,"source2","1"
1662,"channel1",0,"source2","1"
1663,"channel1",0,"source1","3"
1664,"channel1",0,"source2","3"
1665,"channel1",0,"source2","1"
1666,"channel2",0,"source2","2"
1667,"channel1",0,"source2","2"
1668,"channel1",0,"source2","3"
1669,"channel1",0,"source1","1"
1670,"channel2",0,"source2","1"
1671,"channel1",1,"source1","2"
1672,"channel2",0,"source2","1"
1673,"channel2",0,"source1","4"
1674,"channel2",0,"source2","2"
1675,"channel1",0,"source3","2"
1676,"channel1",0,"source2","2"
1677,"channel2",2,"source2","5"
1678,"channel1",0,"source2","2"
1679,"channel1",0,"source1","3"
1680,"channel1",0,"source1","3"
1681,"channel1",0,"source1","1"
1682,"channel1",0,"source2","1"
1683,"channel1",0,"source1","1"
1684,"channel1",0,"source3","4"
1685,"channel1",10,"source3","2"
1686,"channel1",0,"source2","3"
1687,"channel1",0,"source1","1"
1688,"channel1",59,"source1","3"
1689,"channel1",0,"source2","6"
1690,"channel2",0,"source2","1"
1691,"channel1",20,"source2","6"
1692,"channel2",0,"source2","2"
1693,"channel2",0,"source2","2"
1694,"channel1",0,"source2","1"
1695,"channel2",0,"source1","1"
1696,"channel1",0,"source2","3"
1697,"channel2",0,"source2","2"
1698,"channel1",1,"source2","2"
1699,"channel1",0,"source3","1"
1700,"channel1",0,"source1","1"
1701,"channel1",8,"source2","1"
1702,"channel1",0,"source1","1"
1703,"channel2",2,"source1","2"
1704,"channel2",0,"source1","2"
1705,"channel2",0,"source1","5"
1706,"channel1",0,"source2","1"
1707,"channel1",1,"source2","1"
1708,"channel2",0,"source2","5"
1709,"channel2",0,"source1","1"
1710,"channel1",0,"source2","1"
1711,"channel2",0,"source2","1"
1712,"channel1",31,"source2","1"
1713,"channel1",0,"source2","3"
1714,"channel1",16,"source2","5"
1715,"channel2",0,"source1","1"
1716,"channel2",0,"source2","3"
1717,"channel1",0,"source2","3"
1718,"channel2",1,"source3","3"
1719,"channel1",0,"source2","2"
1720,"channel1",0,"source2","1"
1721,"channel2",0,"source1","4"
1722,"channel2",0,"source2","3"
1723,"channel1",0,"source2","3"
1724,"channel2",0,"source2","1"
1725,"channel2",0,"source1","1"
1726,"channel2",1,"source2","2"
1727,"channel2",0,"source2","4"
1728,"channel1",0,"source2","3"
1729,"channel2",0,"source2","1"
1730,"channel2",0,"source2","1"
1731,"channel1",0,"source2","1"
1732,"channel1",1,"source2","1"
1733,"channel2",0,"source2","1"
1734,"channel2",0,"source2","1"
1735,"channel1",0,"source2","2"
1736,"channel1",2,"source1","2"
1737,"channel2",1,"source2","2"
1738,"channel1",0,"source2","1"
1739,"channel1",0,"source3","1"
1740,"channel1",7,"source1","1"
1741,"channel1",0,"source1","2"
1742,"channel1",0,"source1","2"
1743,"channel2",0,"source2","2"
1744,"channel1",0,"source1","3"
1745,"channel2",0,"source2","2"
1746,"channel1",0,"source3","3"
1747,"channel1",0,"source3","1"
1748,"channel2",0,"source2","1"
1749,"channel2",0,"source2","1"
1750,"channel2",0,"source1","3"
1751,"channel1",1,"source1","5"
1752,"channel1",0,"source3","2"
1753,"channel2",11,"source2","1"
1754,"channel2",0,"source2","1"
1755,"channel2",0,"source1","1"
1756,"channel2",0,"source1","2"
1757,"channel2",0,"source2","1"
1758,"channel1",0,"source2","1"
1759,"channel2",0,"source2","1"
1760,"channel2",0,"source2","1"
1761,"channel1",0,"source2","2"
1762,"channel1",7,"source2","1"
1763,"channel2",0,"source2","5"
1764,"channel1",3,"source1","2"
1765,"channel2",0,"source2","2"
1766,"channel2",0,"source1","3"
1767,"channel1",0,"source1","2"
1768,"channel1",11,"source1","1"
1769,"channel2",0,"source2","1"
1770,"channel2",0,"source2","1"
1771,"channel2",0,"source2","3"
1772,"channel2",0,"source2","1"
1773,"channel1",0,"source2","1"
1774,"channel1",0,"source2","1"
1775,"channel1",0,"source2","1"
1776,"channel1",48,"source1","1"
1777,"channel2",0,"source2","2"
1778,"channel1",0,"source1","2"
1779,"channel2",0,"source2","1"
1780,"channel2",0,"source2","1"
1781,"channel1",0,"source2","3"
1782,"channel2",1,"source2","1"
1783,"channel1",0,"source2","1"
1784,"channel2",0,"source2","1"
1785,"channel1",1,"source3","1"
1786,"channel2",2,"source2","1"
1787,"channel2",32,"source1","2"
1788,"channel2",0,"source2","5"
1789,"channel2",0,"source2","3"
1790,"channel1",0,"source2","2"
1791,"channel2",21,"source2","2"
1792,"channel2",0,"source2","2"
1793,"channel2",0,"source1","3"
1794,"channel1",2,"source1","3"
1795,"channel2",43,"source2","1"
1796,"channel2",0,"source2","4"
1797,"channel1",0,"source2","4"
1798,"channel2",0,"source1","1"
1799,"channel1",0,"source3","1"
1800,"channel1",5,"source2","4"
1801,"channel1",0,"source2","2"
1802,"channel2",0,"source2","2"
1803,"channel1",0,"source2","1"
1804,"channel1",0,"source3","1"
1805,"channel1",0,"source1","1"
1806,"channel2",0,"source2","2"
1807,"channel2",0,"source2","1"
1808,"channel1",1,"source1","1"
1809,"channel1",1,"source3","1"
1810,"channel2",0,"source2","1"
1811,"channel1",0,"source2","1"
1812,"channel2",0,"source2","3"
1813,"channel2",0,"source2","1"
1814,"channel2",0,"source2","3"
1815,"channel2",0,"source2","2"
1816,"channel1",4,"source2","2"
1817,"channel2",0,"source2","1"
1818,"channel2",0,"source2","1"
1819,"channel1",0,"source1","1"
1820,"channel2",0,"source2","1"
1821,"channel2",0,"source2","1"
1822,"channel1",28,"source2","3"
1823,"channel1",0,"source1","1"
1824,"channel2",6,"source1","3"
1825,"channel2",0,"source2","3"
1826,"channel1",0,"source1","2"
1827,"channel2",1,"source2","1"
1828,"channel2",15,"source2","1"
1829,"channel2",0,"source2","2"
1830,"channel2",0,"source1","1"
1831,"channel2",0,"source1","1"
1832,"channel1",0,"source2","1"
1833,"channel1",0,"source2","2"
1834,"channel2",0,"source2","1"
1835,"channel1",0,"source2","1"
1836,"channel1",0,"source2","2"
1837,"channel2",0,"source1","1"
1838,"channel2",0,"source2","1"
1839,"channel2",0,"source2","3"
1840,"channel1",0,"source1","1"
1841,"channel2",2,"source2","3"
1842,"channel1",0,"source2","3"
1843,"channel2",0,"source2","2"
1844,"channel2",0,"source2","1"
1845,"channel2",0,"source2","3"
1846,"channel1",0,"source2","1"
1847,"channel1",0,"source2","1"
1848,"channel2",0,"source2","1"
1849,"channel2",0,"source2","3"
1850,"channel1",0,"source1","2"
1851,"channel2",0,"source1","3"
1852,"channel1",0,"source2","4"
1853,"channel2",7,"source1","1"
1854,"channel2",1,"source2","3"
1855,"channel2",0,"source2","3"
1856,"channel2",0,"source2","1"
1857,"channel2",2,"source2","1"
1858,"channel1",0,"source2","2"
1859,"channel2",0,"source2","3"
1860,"channel2",0,"source2","3"
1861,"channel2",0,"source2","2"
1862,"channel2",0,"source2","3"
1863,"channel2",0,"source2","2"
1864,"channel1",0,"source2","1"
1865,"channel1",0,"source1","2"
1866,"channel1",0,"source2","2"
1867,"channel1",2,"source1","1"
1868,"channel1",0,"source1","1"
1869,"channel2",3,"source2","3"
1870,"channel2",0,"source2","2"
1871,"channel1",0,"source2","1"
1872,"channel2",0,"source1","1"
1873,"channel1",1,"source2","1"
1874,"channel1",27,"source2","2"
1875,"channel2",0,"source2","3"
1876,"channel2",0,"source2","1"
1877,"channel2",0,"source1","1"
1878,"channel2",0,"source2","1"
1879,"channel1",7,"source1","1"
1880,"channel2",0,"source2","1"
1881,"channel1",0,"source2","3"
1882,"channel1",13,"source2","2"
1883,"channel2",0,"source2","1"
1884,"channel2",0,"source2","1"
1885,"channel2",0,"source2","3"
1886,"channel1",0,"source2","1"
1887,"channel1",0,"source1","2"
1888,"channel1",0,"source3","1"
1889,"channel2",0,"source2","1"
1890,"channel1",0,"source1","2"
1891,"channel1",0,"source2","2"
1892,"channel1",0,"source1","1"
1893,"channel2",0,"source1","1"
1894,"channel2",0,"source2","2"
1895,"channel1",0,"source2","1"
1896,"channel1",2,"source1","1"
1897,"channel1",0,"source2","1"
1898,"channel1",0,"source1","3"
1899,"channel2",0,"source2","2"
1900,"channel1",8,"source1","1"
1901,"channel2",0,"source2","1"
1902,"channel1",0,"source1","5"
1903,"channel1",0,"source1","3"
1904,"channel1",0,"source2","1"
1905,"channel1",0,"source2","1"
1906,"channel2",0,"source2","1"
1907,"channel2",0,"source2","5"
1908,"channel1",1,"source2","6"
1909,"channel1",0,"source2","1"
1910,"channel1",0,"source2","3"
1911,"channel1",0,"source1","4"
1912,"channel1",0,"source1","1"
1913,"channel1",0,"source2","3"
1914,"channel1",0,"source2","1"
1915,"channel2",0,"source2","1"
1916,"channel2",1,"source2","1"
1917,"channel1",1,"source2","1"
1918,"channel1",0,"source2","4"
1919,"channel2",0,"source2","3"
1920,"channel1",48,"source2","1"
1921,"channel1",0,"source2","1"
1922,"channel1",0,"source1","2"
1923,"channel1",0,"source2","1"
1924,"channel1",1,"source2","1"
1925,"channel1",0,"source2","1"
1926,"channel2",0,"source2","1"
1927,"channel1",0,"source1","1"
1928,"channel1",0,"source2","2"
1929,"channel2",0,"source2","2"
1930,"channel2",0,"source2","2"
1931,"channel1",0,"source1","2"
1932,"channel2",0,"source3","1"
1933,"channel1",1,"source2","2"
1934,"channel1",0,"source1","3"
1935,"channel1",34,"source2","2"
1936,"channel1",0,"source3","1"
1937,"channel1",0,"source3","1"
1938,"channel2",0,"source2","4"
1939,"channel2",1,"source2","2"
1940,"channel2",0,"source2","1"
1941,"channel1",0,"source1","2"
1942,"channel1",0,"source2","2"
1943,"channel2",0,"source2","2"
1944,"channel1",0,"source2","3"
1945,"channel1",0,"source1","2"
1946,"channel2",0,"source2","1"
1947,"channel1",0,"source1","1"
1948,"channel2",0,"source2","2"
1949,"channel1",0,"source1",NA
1950,"channel1",6,"source1","2"
1951,"channel1",0,"source1","1"
1952,"channel1",0,"source2","2"
1953,"channel1",0,"source1","3"
1954,"channel2",0,"source2","1"
1955,"channel1",0,"source2","2"
1956,"channel1",0,"source1","1"
1957,"channel1",2,"source2","2"
1958,"channel1",0,"source2","1"
1959,"channel1",0,"source2","1"
1960,"channel1",0,"source3","1"
1961,"channel1",0,"source1","1"
1962,"channel1",0,"source2","3"
1963,"channel1",0,"source1","2"
1964,"channel1",0,"source2","1"
1965,"channel1",2,"source2","1"
1966,"channel2",0,"source2","1"
1967,"channel2",0,"source2","1"
1968,"channel2",0,"source2","2"
1969,"channel1",0,"source3","1"
1970,"channel1",1,"source2","2"
1971,"channel2",0,"source1","1"
1972,"channel1",2,"source1","3"
1973,"channel2",7,"source2","4"
1974,"channel2",0,"source2","1"
1975,"channel1",0,"source2","3"
1976,"channel2",0,"source2","1"
1977,"channel1",0,"source1","1"
1978,"channel1",1,"source3","2"
1979,"channel1",0,"source2","1"
1980,"channel2",0,"source2","2"
1981,"channel1",8,"source1","1"
1982,"channel1",0,"source3","5"
1983,"channel1",0,"source1","1"
1984,"channel1",1,"source2","2"
1985,"channel1",1,"source2","1"
1986,"channel2",0,"source1","2"
1987,"channel1",0,"source2","3"
1988,"channel1",12,"source2","1"
1989,"channel1",0,"source3","3"
1990,"channel1",0,"source1","1"
1991,"channel2",0,"source2","2"
1992,"channel2",17,"source2","5"
1993,"channel1",0,"source1","3"
1994,"channel1",13,"source2","4"
1995,"channel1",0,"source2","3"
1996,"channel1",0,"source2","2"
1997,"channel2",0,"source1","2"
1998,"channel2",0,"source1","2"
1999,"channel1",0,"source3","1"
2000,"channel2",0,"source2","2"
